Region,Male,Female,Rural,Urban
EAP,4.285714285714286,3.857142857142857,4.538461538461538,2.769230769230769
ECA,2.4375,2.1875,2.066666666666667,1.6666666666666667
LAC,2.3043478260869565,2.0,2.347826086956522,1.6521739130434783
MENA,4.888888888888889,5.777777777777778,6.5,4.375
SA,9.75,12.75,12.75,6.625
SSA,20.19047619047619,20.738095238095237,24.88095238095238,10.833333333333334
